,workflow,data_overhead
0,cycles,233.49005818367004
1,epigenomics,1.5890934765338898
2,genome,18.77096152305603
3,soykb,8.690933465957642
4,fileprocessing,0.9346422808510917
5,wordcount,1.3341289379379966
