,rpm,tail_latency
0,2,3.003683567047119
1,4,3.003683567047119
2,6,3.003683567047119
3,8,3.003683567047119
4,10,3.003683567047119

