,rpm,tail_latency
0,2,3.1613152027130127
1,4,3.152446985244751
2,6,3.1563282012939453
3,8,3.2191109657287598
4,10,3.189368724822998
