,rpm,tail_latency
0,2,20.04847550392151
1,4,24.01158380508423
2,6,timeout
3,8,timeout
