,rpm,tail_latency
0,2,8.708920955657959
1,4,7.569638252258301
2,6,8.06796407699585
3,8,8.05309772491455
4,10,8.578325748443604
