,rpm,tail_latency
0,2,3.147336483001709
1,4,3.181083917617798
2,6,3.1575701236724854
3,8,3.1716439723968506
