,rpm,tail_latency
0,2,12.517071723937988
1,4,12.899933099746704
2,6,14.605041265487671
3,8,13.622958183288574
4,10,timeout
