,rpm,tail_latency
0,2,8.417661666870117
1,4,9.172267198562622
2,6,10.057645082473755
3,8,11.872020721435547
4,10,12.401191473007202
