,rpm,tail_latency
0,2,3.1496593952178955
1,4,3.160208225250244
2,6,3.172072172164917
3,8,3.1746184825897217
4,10,3.157816171646118
