,rpm,tail_latency
0,2,3.165241003036499
1,4,3.1853115558624268
2,6,3.1684470176696777
3,8,3.1730175018310547
4,10,3.184727907180786
