,rpm,tail_latency
0,2,23.89873480796814
1,4,31.266642093658447
2,6,timeout
3,8,timeout
