,rpm,tail_latency
0,2,9.914422988891602
1,4,8.31615400314331
2,6,8.318955898284912
3,8,9.94175386428833
4,10,9.376593589782715
