,rpm,tail_latency
0,2,10.290982484817505
1,4,11.076605558395386
2,6,9.708731174468994
3,8,12.412410736083984
4,10,13.47720193862915
