,rpm,tail_latency
0,2,14.574836254119873
1,4,14.299066305160522
2,6,17.10288166999817
3,8,timeout
4,10,timeout
