,rpm,tail_latency
0,4,11.014667510986328
1,8,11.014667510986328
2,16,11.014667510986328
3,24,11.014667510986328
4,32,11.014667510986328
4,40,11.014667510986328