,rpm,tail_latency
0,4,11.13059139251709
1,8,11.153655529022217
2,16,12.139822721481323
3,24,12.698419570922852
