,rpm,tail_latency
0,4,15.882870197296143
1,8,17.03459644317627
2,16,timeout
3,24,timeout
