,rpm,tail_latency
0,8,14.154160737991333
1,16,14.404093503952026
2,24,15.000898361206055
3,32,timeout
4,40,timeout
