,rpm,tail_latency
0,8,13.344651222229004
1,16,13.4590904712677
2,24,14.288647174835205
3,32,15.082586288452148
4,40,timeout
