,rpm,tail_latency
0,8,11.13706660270691
1,16,12.137971878051758
2,24,12.14922046661377
3,32,11.3175687789917
4,40,11.708040475845337
