,rpm,tail_latency
0,8,11.154746770858765
1,16,12.135217428207397
2,24,12.175789594650269
3,32,11.3049578666687
4,40,11.6858646869659
