,rpm,tail_latency
0,8,11.135314702987671
1,16,12.139365673065186
2,24,12.158132791519165
3,32,timeout
4,40,timeout
