,rpm,tail_latency
0,8,13.239264249801636
1,16,13.445818185806274
2,24,14.244563341140747
3,32,14.348798990249634
4,40,timeout
