,rpm,tail_latency
0,8,14.914280891418457
1,16,15.478455066680908
2,24,18.933621406555176
3,32,timeout
4,40,timeout
