,rpm,tail_latency
0,8,16.026357650756836
1,16,17.010806798934937
2,24,timeout
3,32,timeout
4,40,timeout
