,rpm,tail_latency
0,8,14.277334451675415
1,16,15.484567165374756
2,24,18.553579568862915
3,32,timeout
4,40,timeout
