,rpm,tail_latency
0,4,17.535988092422485
1,8,19.97137212753296
2,16,25.539909601211548
3,24,timeout
