,workflow,tail_latency
0,cycles,8.58170461654663
1,epigenomics,9.697258472442627
2,genome,12.544894456863403
3,soykb,14.029302835464478
