,workflow,tail_latency
0,cycles,32.183624029159546
1,epigenomics,11.79920768737793
2,genome,16.93757653236389
3,soykb,14.818503618240356
