data size,time
100KB,0.004303276538848877
400KB,0.00397719144821167
1MB,0.007512867450714111
10MB,0.04893916845321655
20MB,0.09106260538101196
50MB,0.2428712010383606
100MB,0.49381930828094484
