zuiddata size,time
100KB,0.019154942035675047
400KB,0.017894828319549562
1MB,0.024482095241546632
10MB,0.13138025999069214
20MB,0.24032931327819823
50MB,0.633242928981781
100MB,1.254294741153717
