data size,time
100KB,0.000806891918182373
400KB,0.000932323932647705
1MB,0.002149784564971924
10MB,0.020340895652770995
20MB,0.050248908996582034
50MB,0.15736876726150512
100MB,0.32792086601257325
