data size,time
100KB,0.0007696747779846191
400KB,0.0007345080375671387
1MB,0.001483011245727539
10MB,0.011313104629516601
20MB,0.029026389122009277
50MB,0.10573582649230957
100MB,0.24108368158340454
