,workflow,tail_latency
1,cycles,timeout
2,epigenomics,11.601858377456665
3,genome,18.543094158172607
4,soykb,15.157029390335083
5,fp,18.006489753723145
6,wordcount,1.0872089862823486
