,workflow,tail_latency
0,cycles,5.205746650695801
1,epigenomics,9.187055349349976
2,genome,3.1441595554351807
3,soykb,11.144131183624268
4,fp,12.614124298095703
5,wc,0.3048093318939209
