,workflow,tail_latency
0,cycles,8.601829767227173
1,epigenomics,9.673350811004639
2,genome,14.070201635360718
3,soykb,14.228025913238525
4,fP,12.675260782241821
5,wordcount,0.3954658508300781
