,workflow,tail_latency
0,cycles,4.018729209899902
1,epigenomics,9.01418685913086
2,genome,3.003683567047119
3,soykb,11.014667510986328
4,fp,12.01
5,wc,0.19092774391174316